Lorem	ipsum	dolor	sit	amet	consectetur	adipiscing	elit
Vestibulum	ac	semper	ex
Ut	sodales	ipsum	ac	enim	accumsan	a	bibendum	lectus	placerat
Maecenas	pharetra	metus	id	tellus	cursus	sit	amet	efficitur	ex	consequat
Nullam	aliquet	elit	ac	felis	pellentesque	placerat
Integer	euismod	gravida	odio	nec	efficitur	sapien	condimentum	sed
Sed	sed	dapibus	tellus
Curabitur	eget	rutrum	mauris
Vivamus	malesuada	enim	id	libero	tempus	vitae	gravida	sapien	fermentum
Integer	volutpat	purus	ac	rutrum	pretium
Donec	sed	arcu	luctus	gravida	ipsum	at	rutrum	ante
Maecenas	a	faucibus	enim